snake_path,spiral_path
dddddddddruuuuuuuuurddddldddrddrluuluuurruuuuuudrldddrddddrdddlruuuuuuuuruuddddddddddruuuuuuuuuuurddddddddddduruuuuuuuuuurdddddldddddrrdulluuuuurrddduuuuuuuu,dddddddddrrrrrrrrurrrdulluuuuurrddduuuuuuuullllddddlllluuuuddllddddddddrdrrrurruuuuuurrruuulllldddllluuurlddldddldddrddrrruurrruuuuuuruldddllllldrddrruuuuuldddd
dddduurrrrrrrdddddddddlllllllrudrrrruuuullllduurrrrururuullldllluuurddrrrrrddddllllulddrrrddddllluuddrrruuuuuururuuullllurrrddrdddddlddduuuuuuruuuurdddddddddddruuuuuuuuuuurdddddddlddrddruulluuuurruuuuu,dddduurrrrrrrdddddddddlllllllrrrrrrrrrrruulluuuurruuuuulllllllllldddurrrrrrddddllllllddurrrrddddllluldrrrrurrrrruluuruuuuuullllllllddurrrrrddddllllulddrrrddddllluuddrrruurrruuuuuruullllldlurrrrddddddluuuururddlll
durrddddlldddddddruuuuuurddddddruuuuuuuuuuurdddddddddddruuuuuuuuuuurddlddrdddddddruluuruuululuuurrurdrdrddlldrddddduuuuuuruuuulddrdddddddddruuuuuuuuuuu,durrddddlldddddddrrrrrrruluuuuurrrdddddrdruuuuuuuuuuulllllllldddddlldddddrrrruuuuurrrrddddruuuuuuuulllllldddddlldddrruuuurrrrurruulullldldddddlldrrrruuulu
dddduuurrrdddddldlluddrddduuuururuuuuullddduuuurdrdddddlddrluuruuuuuudrdddddllddrrdddruuruuuluuuluurlddrrddddddddruuuuuuuurruulrdddldddddddruuuuuuuuuuurdddddddddddruuuuuuuuuuu,dddduuurrrdddddldlluddrddduuurrrdddrrrrrrruuuuuuuuuuulldddllllluululldddduuurrdddddlddrrddrrrrrruuuuuuuuullrddllllluurldddddrrdddlrrrruuuuuddddlluruuuddluulldr
ddrrrddddllldddddruuuuuurruuuullurddrdddddlddddrluurluuuuruuuuurdddddddllddddrrrllluuuurrruuuuuuurddddddrdrdddluruuuuluuuuurdddddddddddruuuuuuuuuuurdddddddddddruuuuuuuuuuu,ddrrrddddllldddddrrrrrllluuuuurrrrrdrddddrrruuuuuuuuuuullllllllllddrrdddllddddduuuurrrrrrdrdddlrrruuuuuuuuulllllllldrdddddlddrluuurrrrrdrddlrruuuuuuulllllddddrrrruuulllddddluurrrul
drddrddllddddddruuuuuuruuuuuldddrdddlddrdddruululuuururuuuurdddddddrddldduruuuuuuuuuurddddddddrduuuuuuuuurddddddddddduuuruuuuuuuuddrdlddrddddddruuuuululuurr,drddrddllddddddrrrruururrdrdduuurrdddruuuuululuurrluluulllllllldddrdddlddddrrrruuurrrrruuluuuullllllldddddlddrdrrruuurrrruuuullllllddrdrrrruulllldddduuurrr
dddddddddddruuuluuuuruuuurdddddullddddrrdddruuurrruuullluuuuurdddddrdrdddllddruuuruuuuluuuurddlddddrdddddruuuuuluuluurruurdddrdddldddddruuuuuuuuuuurdddddlddddrddruulluuuurrduuuuuu,dddddddddddrrrrrrrrrrruulluuuurrduuuuuullllllllllddddlddddrddrrrrrrrrruluuuuuruuullllllllddddullddddrrdrrrrrruuuruuuulllllldddrrdrddlllrrrruurruuulullldldrrd
dddddddddddruuuuuuuuuuurlddrdddddddddruuuuuuuuruuudddddddddddruuuuuuuuuuuddrdddddddddruuuuuuuuuruudddddddddddruuluuuuuuuruurdddrddddddlddruuuuuuuuuuu,dddddddddddrrrrrrrrrrruuuuuuuuuuulllddllluuldddlluluurlddddddddddrrrrrrrrruruuuuuuluuldlddlllllldddddrrrrrrrluuuullllldddrrrruuuuulldddldrru
dddddddddddruuuuuuuuuuurdddddddddddruuuuuuudddddddrrrruuuuuuruuuuulllldrrrrddddddddddllllluuuuuuurddddurldldddrrrruuuuuuruulllrrrddllrddddddrruuuluuruuuuuurdddddldlddddrrdrulluuluuurrruuuuu,dddddddddddrrrrrrrrrrrulluuluuurrruuuuullllllldrrrrddddddddddllllluuuuuuuluuuulddddddddddrdrrrrruuuuuururruuuldddddldddddllllluuuuuulddddurrldddrrrruuuuuuruulllrrrddddddddllllluuuuuuurdddrldldddrrrruuuuuul
ddduuurrdrdrddddllllddddduuruuuurddddrdduuuuuuruuuuulddrdddddddddruuuuuuuudrdddddddruuuuuuuuuuurdddddddddddruuuuuuuuuuurdddddddddddruuuuuluuuuuru,ddduuurrdrdrddddllllddddduurrrddrrrrrrrruuuuuluuuuurullllddddlluluuulddrdddlllddddrrdrrrrrrruuuuuuuuullddddddllllllddrrrrrrruuuuuuuddddddlllllluurrrrull
ddrrrdddlllddddddruuuuuurruuuullurddrdddldldddrddrululuuuurruuuuurdddddrdddlruurrrddddlllldrururruuuuullluuuurddddddrrdddddlluurruuuuluuuuurdddddddddddruuluuuruuluuuurrlldddddrrddullddddrrdruudlluluuurrdruuuuddlluluuuurrrd,ddrrrdddlllddddddrrrrrrrrrrruudlluluuurrdruuuuddlluluuuurrrdullllllllllddrrdddldlddddrrrrrrruuuuuuuuulllllldrdddldldddrdrrrrurruuuuuuulllldddrdddlruuuuurrddduuldd
dddddddddddruuuluuuuruuuurdddddrddldldddrluuururuuuuuuurddddddrdddlrduuuuuuuuuurdddddurrrddddrdddllludrruruuuuuuullluuurddddrddldduuruuuuuurdddddddddddruuuuuuuuuuu,dddddddddddrrluuururuuurrrrrrddddrdddlllrrrruuuuuuuuuuullllllllllddddrdrdrrdddduuuuuurrrrddddrdddllludrruruuuuuuuuullllllllddddrdrrdddlruuuuuurrrrullllllddrrrrrrddddluuruuulllllddrr
rrrdddlllddddrdrdddluruuuuluuuurdddddddddruuluuuruuuuuurddldddrddulldddrrddruudrruuuullduuudlluuurruurrddddlddrdddddluruuuuuuuuuurdldddrdddddddruuuuuuuudlluuurrurdllldddrrurddddldddrdrulluuurruuuudlllluuurrrru,rrrdddlllddddrdrdddlrrrrrrrrrrulluuurruuuudlllluuurrrrulllllllddlllddddddrddlrrrrrrruuuurruuudllluuuullddllddldddddrrrdrruuuuurruuddlllllldrdruuurdd
ddddddddddduuruuuuuuuuurddddddddurrrrddddlllurrruuuullluuuuuurdldddrdrulluuurrurddrddldddddddrluuruuuuuuuuurdddddddddurrrddldlruruullduuuuuuuuurdddddddruuuuuuu,ddddddddddduuuurrrrrrddddlllrrrrluuurrrrrddldlruruuuuuuuuuullllllllllddddddddduurrrrrdddlllrrruuurrrruuuuuulllllllldddddddurrrrddrrruuuuuuulllullldddddrrrrruuuldllldrrr
ddddddddddduuuuuuruuuuurdddddddduuuuurrrrrrrrddddrddddlllllllllrrrrrrrururuuuuuullllldddddllluuuuuuuurddddddddduuruuuuuuurddddddddrduuuluuuuruurdddllddddrrdduululuuuurrruurdduru,ddddddddddduuuuuuuurrrrrrrrrrddddrddddlllllllllrrrrrrrururuuuuuuluurullllllllllddddduuuurrrrrrrrdlllllllddddddrrdurrrdruululuulllddduurddrruuld
ddrrrdddlllddddddruuuuuuurruuullurddrddddldddddruuuuuuuuuuurddddlddrdddddruuuululuurruuuurdddddullldddrrrddddruuuullluluurrrdruuuuurdddddulllllddddrrrrrdddruuullullluluurrrdrrrduuuuuurdddddulllllllddddrrrrrrrdddrluuulllullluluurrrdrrrrrduuuuuu,ddrrrdddlllddddddrrrrrrrrrrrluuulllullluluurrrdrrrrrduuuuuullllllllllddrrddllddddddrrrrrrrruullullluluurrrrrrruuulllllllldrddddldddrrrrrrulullluluurrrdrrrduuuulllllddlddddrrrulluluuurrrrr
ddddddrdrdddlldruruuuulluuuruuurdddlldddrdrddddruuuuullluuuuurrrurdllddlldddrrrruddddddruuuuuuuddllllluuuuurrrrrurddduullllddlldddrrrrurrddddddruuuuullllllluuuuurrrrrrdruurddullllllddlldddrrrrrrrrdddddruuuuuudllllllllluuuuurrrrrrdrrrduuurddullllllllddlldddrrrrrrrrrurddddddruuuuuuuddllllllllllluuuuurrrrrrdrrrrruu,ddddddrdrdddlldrrrrrrrrrrruuuuuuuddllllllllllluuuuurrrrrrdrrrrruulllllllllldddldddrdrdddrrrrrrrruuuuudlllllllllluuuuurrrrrrrrrrllllllllddlldddrdrddrrrrrrruuuudllllllllluuuuurrrrrrdrrrduulllllllddlldddrdrrdrrrrruulllllllluuuuurrrrrrdduullllddlldddrrrruddrrrululu
dddddddddddruuuuluuuruuuurddddllddddrrdddruuulluluuuuurrruurdddullddllddddrrrruuddddduuullluluuuuurrrrdrrddlruuuluurdddddrdddddduuuuuuuuuuurdddddddddddruuuuuuuuuuurdddddddddddruuuuuuuuuuu,dddddddddddrrrruuullluluuuuurrrrdrrddrddddddrrrruuuuuuuuuuullllllllllddddldddddrdrruulluluuuuurrrrdrrddrdddddrrruuuuuuuuulllllllldddlldddddrrululuuuuurrrrdrrddrddddrruuuuuuulllldrddrdddruuuuululllllddllddddrrrruuddllluluuuuurrrrdrrdrdll
dddddddddddruuuuuuuuuuurddldddddddrddruuuuuuruuuluurdddddddddddruuluuuruuuuuurdlddrddddullddddrrdrlululuuurrdruuululuuurrrrddlruullldldddrrrdddduulllldddddrrrrllululuuurrdrrdruuuullluluuurrrrrdduulllldldddrrrrrdddddruuuuullllluluuurrrrddrruu,dddddddddddrrrrrrrrllululuuurrdrrdrrdruuuuullllluluuurrrrddrruullllllllllddddddddddrrruuuurrdrrrruuulllluluuurrrrdrulllldlllldldddddddrruuurrrrrruullluluuurrrrddlruullldldllrdddlrrrrrulll
dddddddddddruuuuuuuuuuurdddddddddddruuuuuluuuruuurddddulldddrrdddddruuuuruuuluuuurldddrddddddddruuluuuuruurudlddlddddddrrrruuuulldrduuuuddddrddllluuluuuuuurrruruudddlllddlddddddrrrruuuuuuddddruuuuddddlddllluuluuuuuurrrrruuu,dddddddddddrrrrrrrrrruuruuuuddddlddllluuluuuuuurrrrruuuldddllllluuurlllllddddddddddrrrrrdrrrruuuuuuddddddllluuluuuuuuluulllddddddddrrrddrrrrruuluuuuddddrddllluuluuuuuurrurdllllulldldddrddrrdddrrrrruuulludrdrddllluuluuuuuulldulldddrrdrruurull
dddddddddddruuuuuuuuuluurrllddrrdddddddddruuuuuuuululluurrrrlllldddrrrrddddddduruuuuuuuruuddddddddduruuuuuluuurldddddrrddddddruuuuuuuuruudddlddddrdddruululuuuurruuuu,dddddddddddrrruuurrrrrdddrrruululuuuurruuuuddddlldlluuluuurldddllllulluurrrrlllldddrdddddddrrruurrrrddrruuluuuuuruudddldllullllldddddrrrrurrdruuuulluululdddllddrrrrrullllurr
ddddddddddduuruuuluuruuuurldddrdllddrrdddrdduuuuurruullluluuurrrrrddllddrdddlddddruuuuuuuurdddrdrddddlruuuuuuluuuuurdddddddddddruuuuuuuuuuurdddddlddrddddruluuuluurruuuuu,ddddddddddduurrrddrruuuuurrdrddddlrrrruluuuluurruuuuullllllllllddddlddrdddrrdruuuurrrdrdddruuuuuuruuulllldddlllludllddrrdduurrruuurrrrulllllddrdddllduurrrrruudludl
drdrdddlludddddddruuuuuuruuuuulddrddddddddduruuuuuuuuuuddrdddddddduuruuuuuurdddddddrddlruuuuuuuuuuurdddddddddddruuuuluuruuuuurdddddllddddrrddruulluuluurrruuuuu,drdrdddlludddddddrruuurrrrdrddlrrrrruulluuluurrruuuuullllddlllluullddrddddlddddrrruurrdrdrrruluuluuurruuulldlllllulddddddddrurrrdrruuuuuurudlllllldddddrrrruuuullldddrruuld
rrrddddllluuddrddrrddddllluudddrururuuuuuuulddddrdddddluuruuuuuuuuurdddddddddddrluuuruuuuuuuurddddddddlldddrrlluuuuurrruuuuuurddddddurrdddlldrdduuuruuuuluuuurdddddddddddruuuuuuuuuuu,rrrddddllluuddrddrrddddllluudddrrrrrrlluuuuuurrrrrrddddddlrruuuuuuuuuuullllllldddddrrrrrrdddddluuruuuuuuullllldlllddddrdddlruuuurrrrrrrddddllurruuuuluulllddddddluurrruuullldrr
drrrrdddrddddddllluulluuuddddddruudrrrruuuuuuuuullldlduuurdrrdddrddddddllluuuddddrurruuuuuuuuuulldrdddrddlrdddddluruuuuuuuuuurdddddddddddruuuuuuuuuuurdddddlddrddddruuuulluurruuuuurddldddllddrrrddddruuulullluuuuurrrrduuu,drrrrdddrddddddllluulluuuddddddrrrrrrrrrrruuulullluuuuurrrrduuullllllllllddduurrrdddrddddddllluldrrrrrrrrruuullluuuuuurrrlllllllldurrdddrddddddllluuudddrrrurrrruulluurruuullllddddlrddrrruluuurulldddd
dddddddddddruuuuuuuuuuurdddddddddddruuuuuuuuuluurlddddrrdddddddruuluuuururuurrrruullllldurrrrrdddddllllrddddlddruuuuuuuurdddddlddrdrulluurruuuuudddrdldllddrrrdruudlllluuurrrruuuuuuu,dddddddddddrrrrrrrrrrruudlllluuurrrruuuuuuullllllrrrrrddddllllllluuluurllddddddddddrrrrruruuurrruuuuuullllldurrrrrddddlllllllulddddddrrrrrurruuuuuullldddllldddruuurrrruul
dddddddddduuruuuuuuuurdddddddddddrluuuruuuuuuuurddddddddlldddrrlluuurrrduuuuuuuuurddddddddddrduuuuluuruuuuurdddddllddddrrddruuuuddlluuluurrruuuuurddddldlllddddrrruurddddruuudlllluuluuurrrrruuuu,dddddddddduurrdddrrlluuurrrdrdrdrrrruuudlllluuluuurrrrruuuullllllllllddddddddrrrrdrdrrrruuuddllluuluuuurrrruulllllllldddddddrrrdrrrruuddlluuluurrruuullllllddddddrrruuuuullddddruuu
durrrrrdddddlluullldrrdddddllddruuuruulrurrruuuuulldllurrrrddddddddddllldruuuuurdddddruuuuuuuuuurddddddddddruuuuuurruuuuullrddrddddlldddrddrululuuuurruuuuurdddddldllddddrrruddruuuddllluluuuurrrruuuuu,durrrrrdddddlluullldrrdddddllddrrrrrrrrrrruuuddllluluuuurrrruuuuullllrddrdddllluuuululldllurrrrddddddllllrddlddrrrrrrrrrudlluluuuurruruuuldddddlldddlllluudrrrullurr
ddddddddddduruuuuuuuuuurddddddddduuurrrrdddddlllurruuruulllduuuuuuurdddddruuuuurdddddddddddruuuuuuuuuuurddddddddddduuuuruuuuuuurdddddddrddduuuuuuuuuu,ddddddddddduuuuurrrrrrdddddlllrrrrruuuurrrddduuuuuuuuuulllllllllldddddddddduuuurrrrrddddlllrrrruuuurrruuuuulllllllldddddddduuurrrrdddluruuurrruuullllllddddduuurrrrrullllddr
dddddddddddruuuuuuuuuuurddddddddldddrrlluuurruuuuuuuurdddddddddrduuuuuuuuuurdddddldddrddrduuuudlluuuuurruuurdddllddldddrrurlddddrrrruuuuuuuulluuurdddduuruu,dddddddddddrrrlluuurrrdrdrrdrrrruuuuuuuuuuullllllllllddddddduuuurrrrrrrrrduuulllllllldddddddrrdrrrulluuuuuurrrrllllllddddddrrrrurldlluuuulddduuurrd
ddddddddurrrrddddllllrudrruruuulldluuuuuuudrddddrluuuuruurddrddddldddddruuuuuuuuuuurdddddddddddruuuuuuuuuuurddddldddrddddruuululuuuurruuurdddrddlduruullldlddddrrrdddruuullluluuuurrrrddduuuuuu,ddddddddurrrrddddllllrrrrrrrrrrruuullluluuuurrrrddduuuuuullllllllddlludddddddurrrddddllludrrurrrrrrruulluluuuurrrrdddluruuululllllldllddddddurrddrrrrrululuuuuurrllllddddlldrdrrruuuurullddddl
dddddddddddruuuuuuuuuuurddddldddddrddruuuuuuuuluurudlddrrddddddddruuuuuuuuruuuddddldddddrddruuruuuuuluuuurdddddddddddruuuuuuuuuuurdddddddddddruuuuuuuuuuu,dddddddddddrrrrrrrrrrruuuuuuuuuuullllldddlllluuurllddddddddddrrrrrrrrruuuuuuuuulllddllllluurldddldddddrrrrrrrruuuuuuulddlllllddddrrdrrruuuuullldlddru
dddddddddddruluuuruuuuuuurdddddlddldddrrdrullluuuuurrruuuurldddrddddduuuulllddlddddrrrrrllullluuuuurrrrdddruuuuruuuuddddddddrdduuuuuuuuuurdddddddddddruuuuuuuuuuurdddddddddddruuuuuuuuuuu,dddddddddddrrrrrllullluuuuurrrrdddrrrddrdrrruuuuuuuuuuulllllddddllluuululddddddduurrrdddrrrddrrruuuuuuuuullldddlllluuurldldddrrddddurrrdrruuuuuuulddddddulllurrull
ddddddddruuuuuuluurldddrrrrruruuululluldrrdrdrdddlllulddddddruuuurddddruuuurldddrdrulluuurruuuuuuurddddddldlldddrrrdruuuddlllluuuurrrruuuuuurddddddllldlldddrrrruurdddruuuddlllllluuuurrrrrruuuuuu,ddddddddrrrrrrrrrrruuuddlllllluuuurrrrrruuuuuullllddllulluldrrdrdrdddlllullluurldddrddddrrrrrrrruruddllllluuuuurrrrruuuulldddddlllllldddrrdrrrrruuddlllluuuuururrruuddddlldlllldruururuur
dddddddddddruuuuuuuuuuurddddddddlddrdrulluurruuuuuuurddddddduurrrddddldlruruuuuulluuuuudrdddddrddlruuuuuudrrruuullrrdddlludddddddruuuuurdddddddruuuuuuuuuuu,dddddddddddrrrulluuuurrrrrrddddldlrururrrddruuuuuuuuuuulllrrdddllulluludlllulddddddrrrrrrddrrruuuuullulllllldddddduurrrrrdrruuuulllllldddddruurrrddlruuruulllldrrr
dddddddddddruluuuuruuuuuurdddddddduulldddddrrrlluluuuurrddrduuuuuuuuuddrddddddrdduuuuuuururuulrddddlddddlddrduluuurruuuuuuurdddddddddddruuuuuuuuuuurdddddddddddruuuuuuuuuuu,dddddddddddrrrlluluuuurrddrrrddrduluuurrrddddrrruuuuuuuuuuulllllrdddllluluullddddddrdrrrrrrdddrruuuuuuuuullddllllululdddddddrduurrrrrddruuuuuuullldllldddddrrruurruullllddurrrdll
ddddduurrddddllddddruuluurruuuuuluurdddddddllddrrrllluurrruuuuuuurddddddduurrrddddddllruuulrruuuulluuuurdddruuurdddddddddddruuuuuuuuuuurdddddddddddruuuuuuuuuuu,ddddduurrddddllddddruuluurruurrrrrddddddllrrrrrruuuuuuuuuuulllllllllldddrddrrrrrdddddlrrrruuuuuuuuullllllllddddddllddrrrllluurruurrrrrddddlrrruuuuuuullllllddddduurrrrdddllrrruuuuulllldddduuurrr
ddddurrddddllddddruuuuruuuuuluurdddddddddddruuuuuuuuuuurdddddddddddruuuuuuuuuuurddddddddldddrrudlluuurruuuluuuruurddlldddddrrdllldddrrrruuddlllluuuurrrruuddlluuluuurrruurddlllldddddrrruurdldldllldddrrrrurdruuddlllllluuuurrrrurruuddlldlluuluuurrrrruu,ddddurrddddllddddrrrrrrrrrrruuddlllllluuuurrrrurruuddlldlluuluuurrrrruulllllllllldddrdddddlddrrrdrrrudrrurdllllluuuurrrruurdldlluuluuuurrrrllllllllddddddddrrddrrrrruuddlllluuuuuuuuullddddddrrrrruluuluullddddurr
dddddddddrduuuuuuuuuurddddlddrldddrddrululuuuuurruuuurdddduurrrddddddllldddruuuudrruuuuuullduuurddrdddddddlddruuuuuuuuuuurdddddddddddruuuuuuluuruuurdddllddrrddddddruuuuuullluurrruuu,dddddddddrdrdrrrrrrrrruuuuuullluurrruuullllllllllddddddddddrrrrrrrrruuuuulluuurrulllllllldddlddrldddrdrrurrrrruuuuluuulllllddllddddddrrruurrrruuuuululldlduurrrddddddllu
dddddddddddrluuuuruuuuuuuddrddddrrdddllddrluururuuulururruruulldllrrurrdddddddddlluuuuurdddddddruuuuuuuuuuurdddddddddddruuuuuuluuuruurdddulldddrrddddddruuuuuullluuurrdruuu,dddddddddddrrrluurrrrddrrrrruuuuuullluuurrdruuullllllrrddddllllluuluudddddddurrrdddrrdrrrruuuuulluuuurrullllldllrrurrdddddllllldrrdddrrrrruuuuluuullddddddlllrrrrruuuuullllddddrrrull
dddddddddddrluuuruuuuluuururldldddddrrddlldddrrudrrruuulluuuuruddddruuuururuulrddddlddddlddrdrulluuurruuuuuuurdddddrrdddddlldruuruulruuuluuuurdddddddddddruuuuuuuuuuu,dddddddddddrrrrrrrrrrruuuuuuuuuuulllllrddddddlllllluuluuuurrldlddddddrdldddrrudrrrurrrrruuuuuuuuullddddlddllllldrrrddrrrruruulruuluuulllddlllddddrrruuuuullddr
rrdddlldduurrrrdddddlllluddddruuuruururuullldurrrddddddllddruuuuuuruuluuddrddddddddruuuuuuuudrruuuulrdddddlddddddruuuuuuuuuuurdddddddddddruuuuuuuuuuurdddddddddddruuuuuuuuuuu,rrdddlldduurrrrdddddlllluddddrrrrrrrrrrruuuuuuuuuuulllllrddddllulllldurrrddddddllldrrrrrrrrruuuuuuuuulldddlllulluuddrdddlldddrrrrrrruuuuuuudddlllllldddrrrrruudlllurr
dddddddddddruuuuuuuuuuurdddddddddddruuuuuuuuuddddrrruuruuuulllrdrrddddddllldurrddddludrruuuuuuuuuuurdlddddrddddddruuuuuulluuuurrurdlllddddrrruuddddddddruuuuuuuuddlllluuuurrrru,dddddddddddrrruuuurrrddddlrrrrrruuuuuuuuddlllluuuurrrrulllllllrdrrdddddlllluuuuluulddddddddddruuurrrrdddlrrrrruuuuuuudddllllllluuulddddrrrrddrrruullllldurrdrruuululd
ddddddddruuuuuuuuuddrruruuullrdrddddllddddddrluuuruurddlldddrrudrllluuurrruuuuuuuurddddddddrrdddluruuuluuuuluuurrlldddrrudddddddddruuluurluuruuurudddddrdddlddruuuuuuuuuuu,ddddddddrrrrrllluuurrrrrrdddlrrrruuuuuuuuuuudddllllluuurrllllllrdrdddllluudddddddddrrrudlluuurrrrrrddlrrruruuuluuuuuddlllluulddddllldddrrrrrrdrluurluuruuuldllllldddduuurrrrrddlllldrrruul
dddddddduuruuuuuuddrrrrruuuuullllrrdrddrddllluluuddddrrddddllrduuruuuululuurlddddrrdddddruuuuurdddddruuuuuuuuuuurddddddddddduruuuuuuuuuurdddddddddrduuuuuuuuuu,dddddddduuuuurrrrdddddlrrrrruurrrduuuuuuuuuulllllllllrrdrddrddlllululdddddduuurrrddddllrrrrrrruuruuuuuuullllddddllluluuddddrrdddlrrrruurruuuuulldddlllluluurlddddrrddrrrruuuuuddddlllurr
durrdddddllddddddruuuuuuruulrddddddddruuuuuuluuruuurdddllddddrrddddruuuulluuluurrruuurddduurrdddddlldddddruuuuuuruuuuuldrddddddddddruuuuuuuuuuurddlddddrdddddruuuuulluuuuurru,durrdddddllddddddrrrrrrrrrrruuuuulluuuuurrulllllllldddllrdddlddddrrrrrrrrruuuuluuuurullllllddllddddddrrrrrrruuuuuuululldldlllddrdddrrrrruuuuuuullddllllddddrrrrruudl
dddddddddddruuuuuuuuuuurddddldddrlddddrrudlluuuuuuurrduuluururdlldddrrdullldddddddrruruudddruurrrruruuulldlllururuuullurddrdddrrrdddddlllldruurruruuuuulluluuddddrdrrddddddlluururuuuuluruuudddddddddddruuuuuuuuuuu,dddddddddddrrrrrrrrrrruuuuuuuuuuuldddlluluulllllldddddddddddrrurrrrrrruuuuuuullulullllldddldddrlddddrrururrrrruruuuluulullullllddrddulldddddddrruruudrrrrruruuullduuulddllludrdrruul
dddddddddddruuuuuuuuuuurdddddddddddruuuuuuuuuuurddddddddldddrrlluuuurruuuuuuurdddddddlldldddrrrudruuddlllluuuuurrrruuluuururdrdddddddlddduuruuuuuuuuurdddddlddrlddrdrluluuuurruuuuu,dddddddddddrrrrrrrruurrdrluluuuurruuuuullllllllllddddddddddrrdrrrururururluuuruuullllllllddddddddruuuuuuuurrrrrrdduullldlldddddduuuuurrddddlurruulld
rdddlddddddddruuuuuuuuuuurdddddddddddruuuluuuruuuuurddddrdrddllddddrluuururuuuuluuurdddddddddrduuuuuuuuuurdddddddddddruuuuuuuuuuurdddddddldddrduluuurruuuuuuu,rdddlddddddddrrrrrluuurrdrdrdrruluuurruuuuuuulllllllllddddlddddddrruururrurrrruuuuulllllllddddlddddurrrrdrruuuuruuulllllddrdrdddruuuurullldr
ddddddddddduruuuuuuuuurdddddlddrddruulluurruuuurddddlllddrrrddrduuurruuulluuuruuddddddrdddlddruuuuuuuuuuurddddddddlddrdrulluurruuuuuuuurddddddddrdddlruuuuuuuuuuu,dddddddddddurrrrrdrrrrrruuuuuuuuuuulllllddlllluldddddddddrrrrrrrrdrruuuluuuuuuulllddllllldddlddrdrrrrrurruuuuuulddlllllddllddrrrrrruruulllldurrdr
ddddrrddddlldddruuuuruuuuluuurdddddddddddruuuuuuuuuuurdldddrdddddddruuuuuuuudlluuuurrrlldldddrruruddddddddduruuuuulullluuuurrrrrdulllldldddddrrrrrdddruuullulullluuuurrrrrdrduurddduuulllllldldddddrrrrrrrdddddruuuuullllulullluuuurrrrrdrdrdrduuuu,ddddrrddddlldddrrrrrruurrrrddruuuuullllulullluuuurrrrrdrdrdrduuuullllllllllddddrdddldddrrrrrruurrruulllulullluuuurrrrrdrrulllllldllddddddddrrruurrrrulluluuudddllldddrrruuuuuldddld
dddddddddddruluuuuruuuuuurdddddddullddddrrdrlulluuuurrdrduluuuruuluurrllddrrddlldddrrdullulldddddrrrrrlllulluuuuuurrrrruuddlllddlldddddrrrrrruuuruuulrdddddduuuuuuuuuuurddddddddldddrrlluuurruuuuuuuurdddddddddrddlruuuuuuuuuuu,dddddddddddrrrrrrrrrrruuuuuuuuuuulllldddddddddddlllllulluuuuuuuuuurrrrlldldddddldddddrrrrrruuurrrrduuuuuuuulldddddddldddlllllulluuuuuuuurrdddddulldddddrrrrrruuururruuuuuddddddlldddlllllulluuuuuuuurrrrrdlldldddrdrulluuurrrlllddlldddddrrrrrruuuruuul
dddddddddurrrdddlllrrruuullduuuuuuuuurdddddddruuuuuuurdddddddddddruuuuuuuuuuurdlddrdddddddduruuuuuululuurrurldllddddrrrddddrduuuuuruuuuudddddddddddruuuuuuuuuuu,dddddddddurrrdddlllrrrrrruurrrdrdruuuuuuuuuuuldddddlllululuuurrrllllllldddddddddurrddrrrrurrruuuulllululuurrllllldddddddrdrrurrrruuullululullddddddrurrrruulululldddrrruulldr
dddddddddddruuuuuuuuuuurddddddddldddrluuuuurruuuuuurddddddddrdddlruuuuuuluuruuddlddrrddddddruuuluuuruuuuurdddddllddddrrddruuudlluluuururruuuurdddddduulldllddddrrrrddruuudlllluluuururrrddruuuuuu,dddddddddddrrluuuuurrrddrdddlrrrrrrruuudlllluluuururrrddruuuuuulllldddddllluuuuulllddddddrrrddrddrrrrrullluluuuruurrruullddddlllluuuurlllddddddduurrddrdrrrrudlluluuuruuurrddldlllluuurllddduurrlddddru
dddddddddddruuuuuuuuuuurddddddddddduuruuuuuuuuurddddlddddrdruruuluuuuuurddlddrdddddddruuuuuuulluuurrurdrddddldlddrdddruuulluurruuuuuurddddddllldddrrrddruullulluurrrruuuuuu,dddddddddddrruurrrrddrrrrruullulluurrrruuuuuullllllllllddddddddddurrrrrdrrrrululluuurrruuuullllllllddddddddrrrrrruluuurruuuullldlllddddddrrruuuululdrrrdlld
dddddddddddruuuuuuuuuuurdddddddddddruuuuuuluuuururdllddddrruuddlddrddddruuuuuullluuuurrrudrllllddddrrrruuddlddddrddruuruuuulurruuluuddrddddddddldruuuuuuuuuluurrllddrdrddddddddruuuuuuuulluluurrr,dddddddddddrrrrrrrrrrruuuuuuuulluluurrrlllddrdddllllllluuuuurrrllllddddddddddrrrrrrrrruuuuuudlllllllluuuurrrrllllddddddddrrrrrrruuuulllllldddrrdrrruuuuulluddlluuddlddrru
drrdddlldddddddruuuuuuuruuuuldrdddddlddrddduuuluurruuuuuuddrdddddddruuuuuuuurddddddddrdduuuuuuuuuruudddddddddddrluuuuuruuuurddddrddldrddlruuuuuuuluuruu,drrdddlldddddddrruuuluurrrdddrrrddrrrruuuuuuuluuruuddllluuddllllluulldrddddlddddduuuurrrdddrrrdrdrrruuluruuluuuullllulddddddddrrruuuruuulllllldddrddrrruuurulllldddrruu
ddddddddurrrdddllldrurruuullduuuuuuuurdddddddrddddluruuuuuuuuuurdddldddrdddddruuuululuuurruuurddddrddldddddruuuuuuuuuuurdddddlddrddddruluuuluurruuuurddddllldddddrrrdruudllluuuluuuurrrruu,ddddddddurrrdddllldrrrrrrrrrrruudllluuuluuuurrrruulllulllllllddddddddurrdddrrrruuuuurrruuuullllllllddddddrddrrruuuruurruullllllddddddrrururuuulllldddrdrruruul
dddddddddddruuuuuuuuuuurdddlddddrddddrrrruuuuuullluuuuurddddddddruuuuuuuurdddddddddddruuuuuuuuuuurddddlddddrddduruulluuuurruuuurddddlllddddrrruddrduuuuddlllluuuurrrruuuu,dddddddddddrrrrrrrruurrrduuuuddlllluuuurrrruuuullllllllllddddddddddrdrrrrurrruurudllluuuuurrruullllllllddlddddrddddrrrruuruuuuuuurrlllllldddrdddrruuuuullddddruuu
ddddrrrrddlldldldddruuuuurrruuullluuurddddrrddlldldddrdruruuruuuuuulluurddddddrdddddluuuruuuuuuuurddddddddldddrluuurrduuuuuuuurudddddddddrrrddllrruuulluuuuuluuurrllddddrrdddruuulluluuurrrd,ddddrrrrddlldldldddrrrrrrluuurrdrrrrddllrruuuuuuulluluuurrrdullldllulllllddddrrrddlllddddrrruurrrrrruuuululuulllllldddrrddrdrrrruuuululllllddrddrrrruuullllddrrrull
ddddrrdddddllddruuuruuuuuluuurddddddddddduuruuuuuuuuurdlddrdddduuuurrrdddrrrdddddllllllruuddrrrruruuuuuuullllldddduuuurruuuldrdddddrrrdddddlllluuddrrruruuuulldlduuuuuuuurdddddruuuuurdddddddddddruuuuuuuuuuu,ddddrrdddddllddrruuuuuuuurrrrrdddrrrdddddllllllrrrrrrruuuuuuuuuuullllldrddlllluuurlllddddrddddldduuruuuuurrrrrdddrrrdddddlllluldrrrruruuuuuuuuullddllllluurllddddddddruuuuuurrrrdddrrrdddddlllluulddrrrruruuuuuluuuddddldlduuuruullldldddruu
dduurrrrrdrdddddddllllululdddddruuuuuudddrrruuruuruuuullllddluurrrrdrdddddddlldlldruuruuruulludrrddddlddrrlluurrrrdddlruuuuluuuuuuurdddddddddddruuuuuuuuuuurdddddddddddruuuuuuuuuuu,dduurrrrrdrdddddddllllululdddddruuurrrrrrrdddlrrrruuuuuuuuuuullllllllldlduurrrrdrdddddddlllluluudddddrrrrrlluurrrrddrruuuuuuuuulllullllldduurrrdrdddddddlldllurrrrrrdruuuuuuullddlllludrrdddrrruuuudddlllldururr
dduurrrrddldddlllddddddruuuuuuruuudddddddddruuuuuurddddddruuuuuulluuurrluurlddldddrrrddddddruuuuuuuuuuruddlddrdddddddruuuuuululuuururrddrddldddddddruuuuuuuuuuu,dduurrrrddldddlllddddddrrrrrrrrrrruuuuuuuuuuulllddldddlllluuuruurlddlddddllddddrrrrrrrrruuuuuuruuluulldlddddlllluuuldddddddrrrrrrruuuulllllluuurrllddddddrrrrruuuuddlllldrrr
dddddddddddruluuuruluuruuuurddddlldddrrlldddrrdulluuuuuuuurrruuddrddrrddllrdddlddruuuuuruulluuruuddlddrrdddddddruuuuuururuuuullrrddddddldddddruuuuuuuuuuurdddddddddddruuuuuuuuuuu,dddddddddddrrulluuuuuuuurrrrddrrdddddddllrrrrrrruuuuuuuuuuullllrrdddddlllulluuruuddlluullddddlddrduluuuurrrrddrrddddddllrrrrrruuuuuuuuuddddllllulluululdddlldddrrluluuuurrrrddrrdddddllrrrrruuulllllrddrrruuuudddl
dddddddddddruuuluurluuruuuurlddddlddrrlldddrrdduururruuuullruuuuddddddrddldduuruuuuurudddddrddrddllrruuuuuluuuuuurdddddddddddruuuuuuuuuuurdddddddddddruuuuuuuuuuu,dddddddddddrruururrurrddrddllrrrrruuuuuuuuuuulllldddllluuuddddddrddldllluluuuuuuuurrlddddlddrlddddrurrrduururrddrdrruuuuuuuuullddddddllldldllluluurrlldddrrrurrurrddrruuuuuuulllddlllrddrdrrdruuluudlldr
dddddddddddruuuuuuuuuuurddddddddlddrdrluluuurruuuuuuurdddddddlldldddrrrrllluluuurrrruuuuuuurdddddddlllldldddrrrrrrllllluluuurrrrrrduuuuuuuurdddddddddrduuuuuuuuuurldddrdddddddruuuuuululuuurr,dddddddddddrrrrrrrllllluluuurrrrrrdrdrdrruuuuuululuuurrlllllllllldddddddrrrrrrdrdrruuuuuuluullllllldddddddurrrrrdrruuuuuulllllldddddrrrrruuuulllldddrrruulldr
ddrrddrdddllluuudddddddruuuururuuuuullurddddrdddlddduuuuruuuuuurddddddddrddduuuuuuuuuuurdldddrddddddruuuuuulluuurrurddulllddddrrrddddddruuuuuuuuruuddddddddddruuuuuuuuuu,ddrrddrdddllluuudddddddruuuurrrdrdddurrrdrrruuuuuuuuuuddddllllulluuuurrrlllllllddrddrdddlddduuurrdrddrrrrruuuuuuuuuddddlllulluuurrrlllllldddrddldrrdrdrrrruuuuuuddllulluuurrrdullldlldddddrdrrrruuulullulddddrrruulldr
dddddddddddruuuuuuuuuuurdddddddddddruuuuuuuuuuudrddddddddddruuuuuuuuruudddddldddrddruulluuurruuuruddlddlldddrrrudddruulllluuuuurrrrduuuuurdddddulllddlldddrrrrrddruulllllluuuuurrrrdrrduuuuuu,dddddddddddrrrrrrrrrrruulllllluuuuurrrrdrrduuuuuulldddllllluulullddddddddddrrrrrrrrrullllluuuuurrrrruuuddlllluuddlluullddddddddrruuuuuurrrrudlllluldddddddrrrrrudllluuurrul
dddddddddddruuuuuuuuuuurddddddddldddrrudlluuurrluuruuuuluurrllddrrddddllddldddrrurdrruurruuuuuulllurddrdddrdddlduuruuuuuuuluurdddddddruuuuuuurdddddddrdddlrduuuuuuuuuuu,dddddddddddrrrrrrruuruurrrdddduuuuuuuuuuullllddllllluurrllldddddddddddrrurdrrurruuurrrdddlruuuuluuuuullddlllllldddddldddrrrrruurruuuruuuudllllldlddlddrluuuuurrrrdrdruullllddduuurrdrddd
drrddddddluuuuruuludrrurruuullllurdrrrddddddddddlluuuuuuuudrruuuulldrrddddlddddduuuuuuruuuurdddddddddddruuuuuluuuuururddddrrdddlludddddruuuuruuuuluuurdddddddddddruuuuuuuuuuu,drrddddddlrrrrrrrrrruuuuuuuuuuulllllllllldrrrrddddlllludrddldddrrrrrrrrruuuuuuuuullllddddddddlllrrrrrruuruuuluululldddllludddddrrrrruudrruuulluuulldddddlldrrru
durrrdddllldddddduuuurrrrddddddllllrrruuuruuullllddddruuluuururuddruuuurdddddddddddruuuuuuuuuuudddrddddddrduuuuuuuurudddddddddrduuuuuuuuuuurdddddddddddruuuuuuuuuuu,durrrdddllldddddduuuurrrrddddddllllrrrrruurrdrrdrruuuuuuuuuuulldddlllluuulddddllldlddrdduuluurrrrdddddlurrrrdrrruuuuuuuuullddlllullldddrrddddrrrrruuuuuuullddddddllllrrrrruuuudddllluuurdd
ddddrdddldrrrdddlllrrruuullduuuuuuuuurdddddddruuuuurddddlddddrdrulluuuuurrrdrrddlllrrruuuullluuuurdddddlldlddddrrrdrlullluuuuurrrruuuuurdddddddddruuuuuuuuurddddddddrddduuuuuuuuuuu,ddddrdddldrrrdddlllrrrrrrrlullluuuuurrrdrrddrrrddduuuuuuuuuuullllllddllluulddddddddduuuurrrrrdrrdrruuuuuullllddlllldddduurrrrdrrdddruuuuuuullddlllldrrrdrrddlllrrruuuuuddlllld
ddddddddddruuluuuruuuuurddddldlddddrrdululuuuurrrdduuuuuurddddurrdddddlludrdddlruuuruuuuuuluurdddddddddddruuuuuuluuruuurdddrddlddddddruuuluuuruuuuurdddddrddddlddruuuuuuuuuuu,dddddddddduuuuuuurrrrrrddddddddllrrrrrrruuuuuuuuuuulllllllllldddddldddrddrululuuuuurrrrrrdddddddlrrrrruruuuuluuuulllllllldddurrrrddddddlrrrruluuuruuulllllldddduuurrrdddddllrrruuuluurrlllldurrdddddllu
rrddddlldddddddruuuuuuuuddrdddddduuruuuuuuruddddddddruuuuuuuuuruddddddddddrduuuuuuuuuuurdddddddddddruuuluuuruuuuurdddddlldddrrdddruuullluuuuurrruuu,rrddddlldddddddrruurrdrrrdrrrruuullluuuuurrruuullllldddllllldddddddurrrdrrrrrruulluuurruuuulllllddddlllddddrrrrrrruluuuuruulllllddlddddrrrruuuuudddllldrruuu
durrrrrrddddddlllllluuuddddddddruuluururruurruuruullldllrduurrrrdddddddlldddlldruuruuuudddddduuuuuurrrrdrrdddllllddruurrruuuuullluuuurddddddrrddddlldruuruuuuluuuuurdddddddddddruuuuuuuluuuru,durrrrrrddddddlllllluuuddddddddrrrruuuuuurrrrdrrdddddllllrrrrruuuuuuuluuurulllllllldllurrrrrddddddllllldlddrdrruruuuurrrrdrrddddllllurrrruuuuuuuulllulllldlduurrrrdddddrrruuullllddlldurrrrrulddlddl
ddddrrdddddddlluuudddrruuuuuuuuluuuddrdddddddddruuuuuuuuuurdlddddrdddddruuuuulluuuurruurddlllddddrrrdddddruuuuurruuulluuurdddrddddlddddruuuuuuuuuuurdddddddddddruuuuuuuuuuu,ddddrrdddddddlluuudddrrrrrrrrrrruuuuuuuuuuullllllddlllluuddddrddddddrrrrrrrruuuuuuuuulllllllddlddddddrrrrrrruuuuuuullllllddddddrrrrruuruuullullllddddrdrrrull
drrrddlddllddddddruuuuuuururuuulldrrddlddddddddruuuuuuluuruuurddldlddrrddddddruuuuuuruuuluurdddddddddddruuuuuuuuuuurddlddddrddrrrdddllrruuuulluuruuuluurddddddruuuuuu,drrrddlddllddddddrrrrrrruuurrrrdddllrruuuuuuuuuuulllllllllldrrddldlddddddrrrrruuurrrruuuuuulllllldldlddddddrrruuurrrruruuullllllldlddrdddruuurruurdd
dddddddddddruuuuuuuuuuurdlddrddddddddruuuuuuruuuulurdddddddlddrdduuluurruuuuuuurldddrdddddrdddlruuuuuuuurruuulrddddldddddddruuuuluuuuruuurddddllddddrrrdduulluluuurrrdduuuuuu,dddddddddddrrrruuluurrrdrdddlrrruuurrdduulluluuurrrdduuuuuulllrdddlllluuurlllllddddddddddrruuurrrdrddruuuuuuurruuddllllluullllddrdddddduuuurruuuddddldrrrruuullddru
ddduurrdrddddllldddddruuuuuruuruuuulldrdrdddddlddddruuuuuuuuuuurdddddddddddrluuruluuruuuuuurddddlddrllddrrldlddrrrudllluuurrrruuuuluuuurddddddddrddduuuuuuluuruuurddldlddrrddddddruuuuululluuurrrduuu,ddduurrdrddddllldddddrrrrrrrllluuurrrrrdddrruuuuululluuurrrduuulllllllllldrdrdddddlldddrrdrrrrudllluuurrrrrddruuuuulluuuurrllllllldddldddddrrrurrruruuluurulllllddddddlrrrrruuuuullldrrllddr
dddddduuuurrrddrdddldllldddruuurururuuuuulllurddrddrdddldlldddrluuurururuuuuuulddddrdddrdddduuuuuuuuuuurdddddddddddruuuuuuuuuuurdddddddddddruuuuuuuuuuurldddrddddddddruuuuuuuu,dddddduuuurrrddrdddldllldddrrluuururrrddddrrrrrruuuuuuuulluuurlllllllllddrrddrdddrdddrrrrruuuuuuuluullllllldrddrdddrddrrrruuuuuuulllllddddldrrdrrruuuuulllddddrruuuldd
dddddddddddruuuluuuruuuuurdldddrdlldddrruddddruuuudllluuuuuuuurrrrdulldlddddldddrrurruudddddduuruuuururuuuuldrdddddldddrdduuuuuuuuuurddddddddddruuuuuuuuuruudddddddddddruuuuuuuuuuu,dddddddddddrrrruurrrddrrrruuuuuuuuuuulddllululdrdddddddllllllluuuuuuuurrrrlldlddddlddddrdrrurrrrdrrruuuuuuudddddlllllllllluuuuuuuurrrrdulldldddrdlldddrruddrrrrrrruuuuuuddddllllllrurrrruuuddllllrru
dddddddddduruuuuuuuuurlddrddldddrddrddlruuululuuuurruruuddrdddldrddlddruuuuuuuuuurddddddddddruuuuuuuuuurddddlddrddddrduuuuulluurruuuurdddldlldddrrrddddruuuullulluuurrrrduuuu,ddddddddddurrrddlrurrrrrrdrruuuullulluuurrrrduuuulllllllddllluurldddddddddrrdrrrrrrruuululluuuurrrullllldlldldldddrddrrrrrrruuulluurruulllddddddlllrrrrruuluuullddldrdrr
ddddddurrrdddllldddruuurruuuulluuuurdddddrdddlldddrluuurrduuuuuuuuurdddddddurrrrdrddddllllruurrruuluullluuuuurddddddrrdrdddllurruuluuuluuuurddddruuuurddddlldddrrddddruuuullluuuurrruuu,ddddddurrrdddllldddrrluuurruurrrrrdrddddllllrrrrrruuuullluuuurrruuulllllllllldddddrrdrrrrrdrdddlllrrrruuulluuurruuullllllllddddrdddduuurrrrrdrddlllrrruuluuuuurllllllddurrrrdlllddduurrr
dddddddddddruuuuuuuluuuurlddddrrdddddddruuuuuuuuuuurdddddddlddrddrluuluuurruuluuururddullddddrrddrdduuuruuuuluurddddddddruuuuuuuurdddddddddddruuuuuuuuuuu,dddddddddddrrrrrluuluuurrrdrdrrrdddruuuuuuuuuuullllllllddddllluuuurldddddrdddddrruuuurrrdrrrruuuuuullllllddddlldddduuurrrrdrdduuurruuuulllrrddddllllduuurdr
ddddddrrrrrrdddddlllllludrrrurruuruullldlluuluuuururldlddddrruuddddrduuuruuuuulrdddddruuuuurdddddddddddruuuuuuuuuuurdddddddddddruuuuuuuuuuurdddddddddddruuuuuuuuuuu,ddddddrrrrrrdddddlllllludrrrrrrrrrrruuuuuuuuuuulllllllllldlddddrddurrrrrddddlllrrrrrrruuuuuuuuullllllddddlluuddddurrrrdddlrrrruuuuuuullllddddlldduurrrddlrrruuuuullddddruuu
dddddddddddruuuuuuuuuuurddddddddddduuruuuuuuuuurdddddddddrdduuuuuuuluuuurrdrddddldldddddrruuudddlluuuuurruuuuuurdddddldlldddddrrurrduuuddlldlluuuuuurrrrduuuuuurdddddllldlldddddrrurruurdddruudlllldlluuuuuurrrrrruuuuu,dddddddddddrruurrrddrrurrdrruudlllldlluuuuuurrrrrruuuuullllllllllddddddddddurrrrddrrurruruddllldlluuuuuurrurrruuullllulldllddddddddrrrddrruudrruuddlldlluuuuuurrrrduuuulluulllddlddddddrdrddrruuudddlluuuuuurruurddllluluddddurrr
dddduurrrrrrrrddddrddddlllllluuulllddddruuuddrrrrrrruuruuuuuullldllllluuurddrrrrrrddddrddddlllllluuuuldddddrurrrrruuruuuuuullldlldluuuurddddduuurrrrddddrddddlllllluurldddrrurrruuruuuuuuullllurddrrdddllrrdrddddllluudddruruuruuuuuuuullddrddddrdddddluuuruuuuuuuurdddddddddddruuuuuuuuuuu,dddduurrrrrrrrddddrddddlllllluuulllddddrrrrrrrrrrruuuuuuuuuuulllllllllldddurrrrrrrddddrddddlllllluullddrrrrrrrrruuuuuuuuullllllllddurrrrrrddddrddddlllllluuuulddddrrrrudrruuruuuuuullldlllduurrrrrddddrddddlllllluurlddrrruuddrruuruuuuuullldlldduuurrrrdddll
dddddrrddddllddruuruulruuuluuuurdddddddddddruuuuuuuuuuurdddddddddddruuuuluuruuuuurdddddlldddrrdddruulululuurrrduuuuuurddddldlllddddrrrrudddruuuuddlllululuuurrrrruuudrddllldlllddddrrrrurrdddruuudlllllululuuurrrrrrruuuu,dddddrrddddllddrrrrrrrrrrruuudlllllululuuurrrrrrruuuuddllulullllllldddddrddlrdddlrrrrrrrrruudllllululuuuurrrrrrululllllllddddddddrrrrrruruddlllululuuuuurrrrlllllddddddruuurrrd
dddddddddddruuuuuuuluuruurddlldddddrrddddruuluuluuuluurrrddduuuuurdddddduuuulllldddddddrrrrddruuuddrrrrruuuruuulllddllluuuuuurdddddurrrrrddddddllllulddrurrruuuruuullldluuuuurddddrrrdddddddlllurruulruruuuulluuurddruu,dddddddddddrrrrrrrrrrruuuuuuuuuuullllllllllddlddrddddddrrrrrrrrruuuruuuluuulllllllldlldddddrrddrrrrrdrrruulruruuulluullllllddduuullldddddddrrrrruddrrrrruuuruuullldduuulllldddrrruulldr
dddddddddddrluuruuuuuuuuurdddlddrddlddlddrrlluuuurrruuuuuuurddddddduuurrrrrdddddllllldrduuruurruruullllduuuuurldddrdrrrddddddllldruuuururuuulllluuurrrrddddddddldddruuuuuuuuuuurdddddddddruuuuuuuuu,dddddddddddrrlluuuuuurrrurrrrrrdddddddlllluurrrrrruuuuuuuuullllllllllddddddddduuuurrurrrrrrddddddlllllurrurrrruuuuuuululllldlllddldddrduuruurrrrrrudllllullddddduuurrrrrrdddluruulllldldduuurrrrrdddlll
ddddddddurrrrrddddlllluldrrrururuuulllluuluuruuddlddrrdruuuuurdddddruuuuurdddddldddrdddruuulluuurrduuuuuurddddddrrrddllldddruuurruuulluuuuudrdddddrdddlddruuuuuuuu,ddddddddurrrrrddddlllluldrrrrrrrrrrruuuuuuuuluulullllllddddllluuuurddldddrddrrrrdddllrrrrrrruuruuluuuuullllllddddllddrrrddlrrrrrurruulluuuullllddddlldrrdrrrrrruullluuullddrduu
dddddddddddruuuuuuuuuuurdddddddddddruuuuuuuuuuurdddddddddddruuuuuuuuuuurdddddddddddruuuuuuuuuuurlddddrddddddduuuruuluuluuuurrrrddllrruullllddddddrrrddrduuuuu,dddddddddddrrrrrrrruuurrrduuuuuddllluuluuuurrrrdduullllllllllddddddddddrrrrrruuurrrulluuluuuurrrrddlruulllldlllllddddddddrrrruuuuuuuuurrrrrddllrruullllddllllddddddrruuuuulddddurrru
dddddduuurrrddddrrddddlllllrrurruruuuuuullllduuuurddruurdddddduuuuruurdddddddddrluuuuuuruuurddddddrdddlrddlruuuuuuuuuuurdddddddddddruuuuuuuuuuu,dddddduuurrrddddrrddddlllllrrurrurrrrrddlrrruuuuuuuuuuullllllllllddddurrddddrrddrrrrdruuuuuuuuullllllllddrrrrrrdddrdduuuuuulllllldddddrrdruuuullddurd
ddddddduurrddrdddllldruudrruuuuuulluuuurdddddddrddddluruuuuuuuuuuddddrddddldddrrlluuuuuurrurrruuulllurdrrdddlludldldddldddrrrudrudrruuulluuuuruuuuldrddddddruuuuuuurddddddlddddrdrulluuuurruuuuuu,ddddddduurrddrdddllldrrrrrrrrrrrulluuuurruuuuuulllllldrrrdddllllluuuulldddddrddrdddlluddrrrrrurdrruuuuuuruuuuldddlllllluuulddddrdddruuuurrrddddruuuulludld
ddddddddruuuuuuuuruuulrdddddddddddruuuuuuuluuururdllddddrrddddddruuuuuuudlluluuurrrduurldlllddddrrruruddddddruuuuuruuuudddddddddrdduuuuuuuuuuurdddddddddddruuuuuuuuuuu,ddddddddrrrrruurrrrddrruuuuuuuuuuullldddddllllluluuuurrrrlllllrdddldddddddrrrurrrrrdruuuuuuuuulddddlllllluluuurrrlllddddddddrurrrrrruuulllllluluuurrrdullldddddrdrrrrruuulludddllrrruull
ddddddddrdduuuuuuuuuurdddddddddddruuuuuuuuuuurdddddddddddruuluuuuuruuuurdddrdddlrdddddlruuuuuuuuuuurddldddrdddruuulluuurrduuurdddulllddddddrrrrddldruuuuuddlluuulluuurrdrruuu,ddddddddrddrdrrrrruuurrrrdddluruuuuddlluuulluuurrdrruuullllllllllddddddddddrrrruluuuuuuurrrrrrullllllllddddddddruuuuuuudrrrrddddruuluulldurrdddl
dddddddddddruuuuuuuuluuurrlldddrrlddddrldddrdrulluuurrlluuuurrduurrruulllrrrdddllddduuullldddddddrrrllluuuuuuurrdrddrddduuuuurdddddrduuuuuuuuuurdddddddddddruuuuuuuluuuurrllddddrrdddddddruuuuuuullluuuurrrdd,dddddddddddrrrulluuuuuuurrdrddrdddrrdrdrrruuuuuuullluuuurrrdduulllllllllllddddddddddrrrrllluuuuuuurrdrddrdddrrdrrruuuuuulluuullddlllllddddrluuuurrdrddrdddrrrruuuuuluullllldllddddrrlluuuurrdrddrddrrruuuuulddddluuuld
dddddddddddruuuuuluuuruuudrdldldddrrdddddruuuuuuuuruuudddddddddduruuuuuuuuurddddddddrrdddllrruuuuluuuuuurddddddddddruuuuuuuuuurudddddddddddruuuuuuuluuuur,dddddddddddrrruuurrrrrdddllrrrrruuuuuuuluuuurldllllullddddddlllluuuuuurdddlddddrdddrrruurrrrddrruuuuuuuuullllldddddllllluuuuurrdldlddddrrddrrrurrrdruuuuuuullldlllddddrrrrruuuulddduuldd
dddddddddddruuuuuuuuuuurdddddddddddruuuuuuuuuuurdddddddddddruuuuuuuuuuurdddldddrddddduuruuuruuuluuudrdddddddrdduuuuuuurddddddddruuuuuuuuuuu,dddddddddddrrrrrruuurrrddrdruuuuuuuuuuudddllluulullllllddddddddddrrrruurrrrdruuuuuulluullllllddddddddrrrrruurruuuululllllddddddruurrrruuullllddddrruluu
dddddddddddrluuruuuuuuuuurddddddddrddduuuuuuuuuuurdddddddddddruuuuuluuuruuurddldldddddrrdddruuuddrruuruuullluuuuurdddddrrddddddlluruuruuuuluuuurdddddddddddruuuuuuuuuuu,dddddddddddrluuurrrdddrrrrrrrruuuuuuuuuuulllllllllldddddddddurrddrrrrrrruuuuuuuuulllllllldddddddrdrrrrdrruuruuuluuullllllddddddrrrrddrruuruuulluululldlddddruluuuurrrddd
